"Round","Grand_Prix","Verstappen_Finish","Verstappen_Points"
1,"Bahrain",2,18
2,"Emilia-Romagna",1,25
3,"Portugal",2,18
4,"Spain",2,18
5,"Monaco",1,25
6,"Azerbaijan",18,0
7,"France",1,25
8,"Styria",1,25
9,"Austria",1,25
10,"Britain",1,25
11,"Hungary",9,2
12,"Belgium",1,25
13,"Netherlands",1,25
14,"Italy",2,18
15,"Russia",2,18
16,"Turkey",2,18
17,"USA",1,25
18,"Mexico City",1,25
19,"São Paulo",22,0
20,"Qatar",2,18
21,"Saudi Arabia",2,18
22,"Abu Dhabi",1,25
